load,Elastic Modulus [GPA],Ultimate Tensile Strength [MPA],Yield Strength [MPA],Poissons Ratio,Nf(label)
1Cr18Ni9T-1-0.002.csv,193,605,310,0.3,5.301029996
1Cr18Ni9T-1-0.003.csv,193,605,310,0.3,4.093771781
1Cr18Ni9T-1-0.004.csv,193,605,310,0.3,3.740362689
1Cr18Ni9T-1-0.005.csv,193,605,310,0.3,3.491361694
1Cr18Ni9T-1-0.01.csv,193,605,310,0.3,2.977723605
1Cr18Ni9T-2-0.0025.csv,193,605,310,0.3,4.910496338
1Cr18Ni9T-2-0.004.csv,193,605,310,0.3,4.085932446
1Cr18Ni9T-2-0.006.csv,193,605,310,0.3,3.722880611
1Cr18Ni9T-2-0.01.csv,193,605,310,0.3,3.176091259
1Cr18Ni9T-2-0.015.csv,193,605,310,0.3,2.575187845
1Cr18Ni9T-3-0.002.csv,193,605,310,0.3,4.477526407
1Cr18Ni9T-3-0.0028.csv,193,605,310,0.3,3.56205483
1Cr18Ni9T-3-0.004.csv,193,605,310,0.3,2.810232518
1Cr18Ni9T-3-0.01.csv,193,605,310,0.3,2.264817823
16MnR-b-0.00106-0.00185.csv,212.5,544.5,324.4,0.31,5.695481676
16MnR-b-0.00136-0.00243.csv,212.5,544.5,324.4,0.31,4.863917377
16MnR-b-0.00707-0.001225.csv,212.5,544.5,324.4,0.31,2.84509804
16MnR-c-0.00133-0.00346.csv,212.5,544.5,324.4,0.31,4.808210973
16MnR-d-0.001-0.00260.csv,212.5,544.5,324.4,0.31,5.385266569
16MnR-d-0.00160-0.00416.csv,212.5,544.5,324.4,0.31,4.346939463
16MnR-d-0.00300-0.00780.csv,212.5,544.5,324.4,0.31,3.562292864
16MnR-a-0.00100-0.00173.csv,212.5,544.5,324.4,0.31,5.924031047
16MnR-a-0.00110-0.00191.csv,212.5,544.5,324.4,0.31,5.268577972
16MnR-a-0.00138-0.00242.csv,212.5,544.5,324.4,0.31,4.547774705
16MnR-a-0.00200-0.00346.csv,212.5,544.5,324.4,0.31,3.838849091
16MnR-a-0.00277-0.00484.csv,212.5,544.5,324.4,0.31,3.471291711
16MnR-a-0.00400-0.00692.csv,212.5,544.5,324.4,0.31,3.176091259
16MnR-a-0.00397-0.00693.csv,212.5,544.5,324.4,0.31,2.968482949
16MnR-a-0.006-0.01039.csv,212.5,544.5,324.4,0.31,2.591064607
45mild-0-0.01039.csv,206,610,370,0.3,3.569958818
45mild-0-0.01386.csv,206,610,370,0.3,3.22297645
45mild-0.00566-0.00979.csv,206,610,370,0.3,3.035429738
45mild-0.00566-0.00979-0.csv,206,610,370,0.3,3.106870544
45mild-0.008-0.00693-11.csv,206,610,370,0.3,2.643452676
45mild-0.008-0.00693-01.csv,206,610,370,0.3,2.662757832
45mild-0.008-0.00693-10.csv,206,610,370,0.3,2.653212514
45mild-0.004-0.01386-11.csv,206,610,370,0.3,2.820857989
45mild-0.004-0.01386-01.csv,206,610,370,0.3,2.826074803
45mild-0.004-0.01386-10.csv,206,610,370,0.3,2.819543936
45mild-0.00566-0.00979-11-45.csv,206,610,370,0.3,2.833147112
45mild-0.008-0.01386-11-45.csv,206,610,370,0.3,2.444044796
45mild-0.00566-0.00979-00-45.csv,206,610,370,0.3,2.822168079
45mild-0.00566-0.00979-11-60.csv,206,610,370,0.3,2.7355989
45mild-0.008-0.01386-11-90.csv,206,610,370,0.3,2.584331224
45mild-0.008-0.01386-01-90.csv,206,610,370,0.3,2.629409599
45mild-0.008-0.01386-10-90.csv,206,610,370,0.3,2.608526034
45mild-0.008-0.01386-00-90.csv,206,610,370,0.3,2.658011397
45mild-0.0048-0.csv,206,610,370,0.3,3.588943643
45mild-0.0059-0.csv,206,610,370,0.3,3.451786436
45mild-0.0069-0.csv,206,610,370,0.3,3.292699003
304SS-0.0025-0043.csv,183,650,325,0.10507,4.723865964
304SS-0.00145-0023.csv,183,650,325,0.10507,5.599883072
304SS-90-0.0035-0061.csv,183,650,325,0.10507,3.561697533
304SS-90-0.0020-0035.csv,183,650,325,0.10507,4.67669361
304SS-box-0.0025-0043.csv,183,650,325,0.10507,3.752432609
304SS-box-0.0014-0024.csv,183,650,325,0.10507,4.976148148
304SS-twobox-0.0025-0043.csv,183,650,325,0.10507,4.018700499
304SS-twobox-0.0014-0024.csv,183,650,325,0.10507,5.306425028
410-IP-0.002-0.005.csv,208,591,489,0.3,3.678108474
410-IP-0.0025-0.0025.csv,208,591,489,0.3,3.919051929
410-IP-0.0026-0.0042.csv,208,591,489,0.3,3.663135315
410-IP-0.0026-0.0048.csv,208,591,489,0.3,3.85554944
410-IP-0.0030-0.0042.csv,208,591,489,0.3,3.558588583
410-IP-0.0030-0.0048.csv,208,591,489,0.3,3.451325808
410-IP-0.0035-0.0030.csv,208,591,489,0.3,3.593784333
410-OP-0.002-0.005.csv,208,591,489,0.3,3.449940989
410-OP-0.0025-0.0025.csv,208,591,489,0.3,4.152609359
410-OP-0.0026-0.0042.csv,208,591,489,0.3,3.546172368
410-OP-0.0026-0.0048.csv,208,591,489,0.3,3.143639235
410-OP-0.0030-0.0042.csv,208,591,489,0.3,3.369215857
410-OP-0.0030-0.0048.csv,208,591,489,0.3,3.339451441
410-OP-0.0035-0.0030.csv,208,591,489,0.3,3.420863021
1045HR-0022-0.csv,205,652,382,0.29,4.936503689
1045HR-0043-0.csv,205,652,382,0.29,3.894260664
1045HR-0050-0.csv,205,652,382,0.29,3.695394108
1045HR-0055-0.csv,205,652,382,0.29,3.662757832
1045HR-0100-0.csv,205,652,382,0.29,3.049992857
1045HR-0021-0011.csv,205,652,382,0.29,5.013810134
1045HR-0041-0021.csv,205,652,382,0.29,4.071034675
1045HR-0096-0048.csv,205,652,382,0.29,3.099680641
1045HR-0013-0013.csv,205,652,382,0.29,5.694274307
1045HR-0019-0019.csv,205,652,382,0.29,5.054122569
1045HR-0037-0037.csv,205,652,382,0.29,4.041155733
1045HR-0087-0087.csv,205,652,382,0.29,3.152899596
1045HR-0010-0020.csv,205,652,382,0.29,5.737065358
1045HR-0014-0029.csv,205,652,382,0.29,4.999517665
1045HR-0026-0052.csv,205,652,382,0.29,4.26620817
1045HR-0065-0131.csv,205,652,382,0.29,3.245018871
1045HR-0-0026.csv,205,652,382,0.29,6.004411663
1045HR-0-0038.csv,205,652,382,0.29,4.901599975
1045HR-0-0072.csv,205,652,382,0.29,3.940018155
1045HR-0-0173.csv,205,652,382,0.29,2.948901761
1045HR-90-0041-0021.csv,205,652,382,0.29,3.720985744
1045HR-90-0021-0011.csv,205,652,382,0.29,4.767341422
1045HR-90-0037-0037.csv,205,652,382,0.29,3.70918513
1045HR-90-0019-0019.csv,205,652,382,0.29,4.755089368
1045HR-90-0013-0013.csv,205,652,382,0.29,6.143548748
1045HR-90-0026-0052.csv,205,652,382,0.29,3.721150844
1045HR-90-0014-0029.csv,205,652,382,0.29,4.566095579
1045HR-90-0010-0020.csv,205,652,382,0.29,5.787852792
2024-T3-0.0142.csv,73.4,495,330,0.343,2.824776462
2024-T3-0.02.csv,73.4,495,330,0.343,2.338456494
2024-T3-U-0.0053.csv,73.4,495,330,0.343,3.799960527
2024-T3-U-0.0087.csv,73.4,495,330,0.343,2.913283902
2024-T3-U-0.0120.csv,73.4,495,330,0.343,2.10720997
6061-T6-2-6.csv,69,310,276,0.3,3.521138084
6061-T6-2-29.csv,69,310,276,0.3,3.238046103
6061-T6-2-4.csv,69,310,276,0.3,2.995635195
6061-T6-2-2.csv,69,310,276,0.3,2.770852012
6061-T6-2-27.csv,69,310,276,0.3,2.602059991
6061-T6-1-22.csv,69,310,276,0.3,3.383815366
6061-T6-1-28.csv,69,310,276,0.3,3.152288344
6061-T6-1-30.csv,69,310,276,0.3,3.06069784
6061-T6-1-18.csv,69,310,276,0.3,2.838849091
6061-T6-1-10.csv,69,310,276,0.3,2.556302501
6061-T6-3-5.csv,69,310,276,0.3,3.155336037
6061-T6-3-24.csv,69,310,276,0.3,2.86923172
6061-T6-3-26.csv,69,310,276,0.3,2.602059991
6061-T6-3-25.csv,69,310,276,0.3,3.274157849
6061-T6-3-15.csv,69,310,276,0.3,2.954242509
6061-T6-3-23.csv,69,310,276,0.3,2.77815125
7075-T651-c-0.0064-0.011.csv,71.7,561,501,0.306,2.167317335
7075-T651-c-0.0050-0.0086.csv,71.7,561,501,0.306,3.29380436
7075-T651-c-0.0022-0.0078.csv,71.7,561,501,0.306,3.962558736
7075-T651-c-0.0017-0.006.csv,71.7,561,501,0.306,4.772277688
7075-T651-c-0.0023-0.004.csv,71.7,561,501,0.306,5.135596923
7075-T651-c-0.0028-0.0049.csv,71.7,561,501,0.306,4.658011397
7075-T651-c-0.0021-0.0037.csv,71.7,561,501,0.306,5.821269128
7075-T651-d-0.0085-0.0145.csv,71.7,561,501,0.306,2.164352856
7075-T651-d-0.0075-0.0130.csv,71.7,561,501,0.306,2.627365857
7075-T651-d-0.0051-0.0087.csv,71.7,561,501,0.306,3.395675785
7075-T651-d-0.0038-0.0066.csv,71.7,561,501,0.306,4.008216802
7075-T651-d-0.0028-0.0049.csv,71.7,561,501,0.306,4.468923054
7075-T651-d-0.0027-0.0041.csv,71.7,561,501,0.306,4.620625272
7075-T651-e-0.0049-0.0086.csv,71.7,561,501,0.306,2.877946952
7075-T651-e-0.0028-0.0049.csv,71.7,561,501,0.306,4.553931548
7075-T651-e-0.0020-0.0032.csv,71.7,561,501,0.306,5.352182518
7075-T651-f-0.0036-0.0063.csv,71.7,561,501,0.306,3.058805487
7075-T651-f-0.0040-0.0070.csv,71.7,561,501,0.306,3.361916619
7075-T651-f-0.0028-0.0049.csv,71.7,561,501,0.306,4.104077206
AISI 316L-0.008-0.csv,193,610,272,0.3,3.771587481
AISI 316L-0.01-0.csv,193,610,272,0.3,3.524525937
AISI 316L-0.011-0.csv,193,610,272,0.3,3.514813295
AISI 316L-0.012-0.csv,193,610,272,0.3,3.453165393
AISI 316L-0.013-0.csv,193,610,272,0.3,3.150449409
AISI 316L-0-0.01386.csv,193,610,272,0.3,4.933740299
AISI 316L-0-0.01732.csv,193,610,272,0.3,4.371381919
AISI 316L-0-0.01905.csv,193,610,272,0.3,4.264392762
AISI 316L-0-0.02079.csv,193,610,272,0.3,4.047158001
AISI 316L-0-0.02252.csv,193,610,272,0.3,3.910784435
AISI 316L-0.00566-0.00980.csv,193,610,272,0.3,4.132227661
AISI 316L-0.00707-0.001225.csv,193,610,272,0.3,3.767526899
AISI 316L-0.00778-0.001348.csv,193,610,272,0.3,3.708930536
AISI 316L-0.00849-0.001470.csv,193,610,272,0.3,3.603793704
AISI 316L-0.00919-0.001593.csv,193,610,272,0.3,3.411451342
AISI 316L-0.00612-0.01060.csv,193,610,272,0.3,3.815976001
AISI 316L-0.00766-0.01327.csv,193,610,272,0.3,3.548880563
AISI 316L-0.00843-0.01460.csv,193,610,272,0.3,3.449324093
AISI 316L-0.00919-0.001592.csv,193,610,272,0.3,3.153509989
AISI 316L-0.00996-0.001725.csv,193,610,272,0.3,3.003460532
AISI 316L-0.008-0.001386.csv,193,610,272,0.3,3.382917135
AISI 316L-0.01-0.001732.csv,193,610,272,0.3,3.020361283
AISI 316L-0.011-0.01905.csv,193,610,272,0.3,2.681241237
AISI 316L-0.012-0.02078.csv,193,610,272,0.3,2.664641976
AISI 316L-0.013-0.02252.csv,193,610,272,0.3,2.274157849
Al5083-1-0.00231-0.004.csv,68,340,169,0.33,4.575187845
Al5083-2-0.00231-0.004.csv,68,340,169,0.33,4.449478399
Al5083-3-0.00231-0.004.csv,68,340,169,0.33,4.310693312
Al5083-4-0.00231-0.004.csv,68,340,169,0.33,4.606381365
Al5083-5-0.00231-0.004.csv,68,340,169,0.33,3.903089987
Al5083-6-0.00231-0.004.csv,68,340,169,0.33,4.01911629
Al5083-7-0.00231-0.004.csv,68,340,169,0.33,3.607455023
AZ31B-1-0.0026.csv,44.8,298,244,0.325443787,5.205204364
AZ31B-1-0.003.csv,44.8,298,244,0.325443787,4.879898324
AZ31B-1-0.0035.csv,44.8,298,244,0.325443787,4.475671188
AZ31B-1-0.004.csv,44.8,298,244,0.325443787,4.163161375
AZ31B-1-0.0045.csv,44.8,298,244,0.325443787,4.055378331
AZ31B-1-0.0047.csv,44.8,298,244,0.325443787,3.418301291
AZ31B-1-0.005.csv,44.8,298,244,0.325443787,3.383815366
AZ31B-1-0.0075.csv,44.8,298,244,0.325443787,2.857332496
AZ31B-1-0.01.csv,44.8,298,244,0.325443787,2.45484486
AZ31B-1-0.02.csv,44.8,298,244,0.325443787,2.041392685
AZ31B-2-0.0035.csv,44.8,298,244,0.325443787,5.745090413
AZ31B-2-0.0042.csv,44.8,298,244,0.325443787,4.854791694
AZ31B-2-0.0053.csv,44.8,298,244,0.325443787,4.389520466
AZ31B-2-0.0069.csv,44.8,298,244,0.325443787,3.881954971
AZ31B-2-0.0087.csv,44.8,298,244,0.325443787,3.326335861
AZ31B-2-0.0104.csv,44.8,298,244,0.325443787,2.983626287
AZ31B-2-0.0130.csv,44.8,298,244,0.325443787,2.447158031
AZ31B-2-0.0173.csv,44.8,298,244,0.325443787,1.903089987
AZ31B-2-0.0242.csv,44.8,298,244,0.325443787,1.643452676
AZ31B-3-0.0018-0.0032.csv,44.8,298,244,0.325443787,4.941471678
AZ31B-3-0.0021-0.0037.csv,44.8,298,244,0.325443787,4.696172845
AZ31B-3-0.0028-0.0049.csv,44.8,298,244,0.325443787,4.064457989
AZ31B-3-0.0035-0.0061.csv,44.8,298,244,0.325443787,3.72916479
AZ31B-3-0.0042-0.0088.csv,44.8,298,244,0.325443787,3.413299764
AZ31B-3-0.005-0.0092.csv,44.8,298,244,0.325443787,3.152288344
AZ31B-3-0.0071-0.0123.csv,44.8,298,244,0.325443787,2.662757832
AZ31B-3-0.01-0.0173.csv,44.8,298,244,0.325443787,2.46834733
AZ31B-4-0.0020-0.0035.csv,44.8,298,244,0.325443787,5.036628895
AZ31B-4-0.0024-0.0042.csv,44.8,298,244,0.325443787,4.431685345
AZ31B-4-0.0030-0.0052.csv,44.8,298,244,0.325443787,4.198106999
AZ31B-4-0.0032-0.0055.csv,44.8,298,244,0.325443787,3.653212514
AZ31B-4-0.0035-0.0061.csv,44.8,298,244,0.325443787,3.57599562
AZ31B-4-0.004-0.0069.csv,44.8,298,244,0.325443787,3.281033367
AZ31B-4-0.005-0.0087.csv,44.8,298,244,0.325443787,2.763427994
AZ31B-4-0.0075-0.013.csv,44.8,298,244,0.325443787,2.255272505
AZ31B-4-0.0100-0.0173.csv,44.8,298,244,0.325443787,1.832508913
AZ31B-4-0.0141-0.0245.csv,44.8,298,244,0.325443787,1.544068044
AZ61A-a-0.0015.csv,43.3,279,192,0.320121951,5.568201724
AZ61A-a-0.002.csv,43.3,279,192,0.320121951,4.875061263
AZ61A-a-0.0025.csv,43.3,279,192,0.320121951,4.597695186
AZ61A-a-0.003.csv,43.3,279,192,0.320121951,4.224014811
AZ61A-a-0.0035.csv,43.3,279,192,0.320121951,4.204119983
AZ61A-a-0.004.csv,43.3,279,192,0.320121951,3.941511433
AZ61A-a-0.0045.csv,43.3,279,192,0.320121951,3.767897616
AZ61A-a-0.005.csv,43.3,279,192,0.320121951,3.653212514
AZ61A-a-0.0052.csv,43.3,279,192,0.320121951,3.418301291
AZ61A-a-0.006.csv,43.3,279,192,0.320121951,3.181843588
AZ61A-a-0.007.csv,43.3,279,192,0.320121951,3.008600172
AZ61A-a-0.01.csv,43.3,279,192,0.320121951,2.602059991
AZ61A-b-0.0036.csv,43.3,279,192,0.320121951,5.417471693
AZ61A-b-0.0044.csv,43.3,279,192,0.320121951,4.717670503
AZ61A-b-0.0052.csv,43.3,279,192,0.320121951,4.572871602
AZ61A-b-0.0053.csv,43.3,279,192,0.320121951,4.436162647
AZ61A-b-0.0061.csv,43.3,279,192,0.320121951,4.047274867
AZ61A-b-0.0069.csv,43.3,279,192,0.320121951,3.8876173
AZ61A-b-0.0078.csv,43.3,279,192,0.320121951,3.802089258
AZ61A-b-0.0083.csv,43.3,279,192,0.320121951,3.553883027
AZ61A-b-0.0089.csv,43.3,279,192,0.320121951,3.361727836
AZ61A-b-0.0104.csv,43.3,279,192,0.320121951,3.025305865
AZ61A-b-0.0121.csv,43.3,279,192,0.320121951,2.903089987
AZ61A-b-0.0139.csv,43.3,279,192,0.320121951,2.716003344
AZ61A-b-0.0173.csv,43.3,279,192,0.320121951,2.447158031
AZ61A-c-0.0014-0.0024.csv,43.3,279,192,0.320121951,5.758184938
AZ61A-c-0.0016-0.0027.csv,43.3,279,192,0.320121951,5.253182872
AZ61A-c-0.0018-0.0031.csv,43.3,279,192,0.320121951,4.885468649
AZ61A-c-0.0021-0.0037.csv,43.3,279,192,0.320121951,4.542314924
AZ61A-c-0.0025-0.0043.csv,43.3,279,192,0.320121951,4.24119771
AZ61A-c-0.0028-0.0049.csv,43.3,279,192,0.320121951,4.101712714
AZ61A-c-0.0032-0.0055.csv,43.3,279,192,0.320121951,3.938519725
AZ61A-c-0.0035-0.0061.csv,43.3,279,192,0.320121951,3.702430536
AZ61A-c-0.0037-0.0064.csv,43.3,279,192,0.320121951,3.636387586
AZ61A-c-0.0042-0.0073.csv,43.3,279,192,0.320121951,3.372912003
AZ61A-c-0.0049-0.0086.csv,43.3,279,192,0.320121951,3.10720997
AZ61A-c-0.0071-0.0122.csv,43.3,279,192,0.320121951,2.763427994
AZ61A-c-0.0106-0.0184.csv,43.3,279,192,0.320121951,2.31386722
AZ61A-d-0.0012-0.0021.csv,43.3,279,192,0.320121951,5.807426779
AZ61A-d-0.0015-0.0026.csv,43.3,279,192,0.320121951,5.000867722
AZ61A-d-0.002-0.0035.csv,43.3,279,192,0.320121951,4.435844366
AZ61A-d-0.0025-0.0043.csv,43.3,279,192,0.320121951,4.156851901
AZ61A-d-0.003-0.0052.csv,43.3,279,192,0.320121951,3.831165634
AZ61A-d-0.0035-0.0061.csv,43.3,279,192,0.320121951,3.525821952
AZ61A-d-0.004-0.0069.csv,43.3,279,192,0.320121951,3.164352856
AZ61A-d-0.005-0.0087.csv,43.3,279,192,0.320121951,2.861534411
AZ61A-d-0.007-0.0121.csv,43.3,279,192,0.320121951,2.436162647
BT9-0-0.0092-0.0159.csv,118,1080,910,0.37,2.283301229
BT9-0-0.0071-0.0122.csv,118,1080,910,0.37,2.836956737
BT9-0-0.0049-0.0085.csv,118,1080,910,0.37,3.396896449
BT9-90-0.0130-0.0225.csv,118,1080,910,0.37,2.133538908
BT9-90-0.0100-0.0173.csv,118,1080,910,0.37,2.451786436
BT9-90-0.0070-0.0121.csv,118,1080,910,0.37,2.753583059
CA18S30P0.csv,203,463,307,0.3,4.437972408
CA20S50P0.csv,203,463,307,0.3,4.205475037
CA20S60P0.csv,203,463,307,0.3,4.154728207
CA20S79P0.csv,203,463,307,0.3,3.80827851
CA25S43P0.csv,203,463,307,0.3,4.091244766
CA30S46P0.csv,203,463,307,0.3,3.830588669
CA30S90P0.csv,203,463,307,0.3,3.432809005
CA40S52P0.csv,203,463,307,0.3,3.531478917
CA42S74P0.csv,203,463,307,0.3,3.523746467
CA50S150p0.csv,203,463,307,0.3,2.901458321
CA60S78P0.csv,203,463,307,0.3,3.183269844
CA53S92P0.csv,203,463,307,0.3,3.202488317
CA37S112p0.csv,203,463,307,0.3,3.242044239
CA70S121p0.csv,203,463,307,0.3,2.954242509
CS28S36p0.csv,203,463,307,0.3,3.886490725
CA20S50p90.csv,203,463,307,0.3,3.678427322
CA20S60p90.csv,203,463,307,0.3,3.830396176
CA20S79p90.csv,203,463,307,0.3,3.482158695
CA25S43P90.csv,203,463,307,0.3,3.791129001
CA30S46P90.csv,203,463,307,0.3,3.245512668
CA30S90P90.csv,203,463,307,0.3,3.264345507
CA40S52p90.csv,203,463,307,0.3,3.390935107
CA40S52P45.csv,203,463,307,0.3,3.576801896
CA40S52P180.csv,203,463,307,0.3,3.653791187
CA42S74P90.csv,203,463,307,0.3,3.32056168
CA60S78p90.csv,203,463,307,0.3,3.071882007
CA53S92P90.csv,203,463,307,0.3,3.063333359
CA37S112p90.csv,203,463,307,0.3,3.040997692
CA70S121p90.csv,203,463,307,0.3,2.7084209
CA35S61p90.csv,203,463,307,0.3,3.301247089
CS28S36p90.csv,203,463,307,0.3,3.84565606
CA50S150p90-3.csv,203,463,307,0.3,2.833147112
CA25S43p45.csv,203,463,307,0.3,3.762678564
CA18S31p90sin.csv,203,463,307,0.3,3.797682935
CS25S43p90sin.csv,203,463,307,0.3,3.460296327
CA35S61p90sin.csv,203,463,307,0.3,3.123851641
CA53S92p90sin.csv,203,463,307,0.3,2.808885867
CA70S121p90sin.csv,203,463,307,0.3,2.95230801
CA18S31p90trap.csv,203,463,307,0.3,3.566083784
CS25S43p90trap.csv,203,463,307,0.3,3.324899497
CA35S61p90trap.csv,203,463,307,0.3,2.838849091
CA53S92p90trap.csv,203,463,307,0.3,2.491361694
CA70S121p90trap.csv,203,463,307,0.3,2.230448921
CP-Ti-0.003-0.0026.csv,108.21,418.23,367.75,0.305622587,4.329682569
CP-Ti-0.003-0.0052.csv,108.21,418.23,367.75,0.305622587,4.230959556
CP-Ti-0.003-0.0104.csv,108.21,418.23,367.75,0.305622587,3.923658422
CP-Ti-0.003-0.0156.csv,108.21,418.23,367.75,0.305622587,3.798995734
CP-Ti-0.004-0.0035.csv,108.21,418.23,367.75,0.305622587,3.720076573
CP-Ti-0.004-0.0069.csv,108.21,418.23,367.75,0.305622587,3.77815125
CP-Ti-0.004-0.0138.csv,108.21,418.23,367.75,0.305622587,3.431685345
CP-Ti-0.004-0.0208.csv,108.21,418.23,367.75,0.305622587,3.343999069
CP-Ti-0.005-0.0043.csv,108.21,418.23,367.75,0.305622587,3.362859303
CP-Ti-0.005-0.0087.csv,108.21,418.23,367.75,0.305622587,3.418963831
CP-Ti-0.005-0.0173.csv,108.21,418.23,367.75,0.305622587,3.211921084
CP-Ti-0.005-0.0260.csv,108.21,418.23,367.75,0.305622587,3.121231455
CP-Ti-0.006-0.0052.csv,108.21,418.23,367.75,0.305622587,3.087071206
CP-Ti-0.006-0.0104.csv,108.21,418.23,367.75,0.305622587,3.077004327
CP-Ti-0.006-0.0208csv.csv,108.21,418.23,367.75,0.305622587,2.953276337
CP-Ti-0.006-0.0311csv.csv,108.21,418.23,367.75,0.305622587,2.851258349
CuZn37-TC-0.0029.csv,132,366,138,0.33,4.95213833
CuZn37-TC-0.004.csv,132,366,138,0.33,4.535629524
CuZn37-TC-0.005.csv,132,366,138,0.33,4.156927556
CuZn37-TC-0.006.csv,132,366,138,0.33,3.886490725
CuZn37-TC-0.007.csv,132,366,138,0.33,3.614791792
CuZn37-TC-0.008.csv,132,366,138,0.33,3.3818368
CuZn37-TOR-0.006.csv,132,366,138,0.33,5.209547183
CuZn37-TOR-0.0069.csv,132,366,138,0.33,4.774812477
CuZn37-TOR-0.0086.csv,132,366,138,0.33,4.484413738
CuZn37-TOR-0.0087.csv,132,366,138,0.33,4.439459016
CuZn37-TOR-0.0104.csv,132,366,138,0.33,4.218180888
CuZn37-TOR-0.0121.csv,132,366,138,0.33,4.071882007
CuZn37-TOR-0.0139.csv,132,366,138,0.33,3.880584956
CuZn37-PRO-0.0035-0.0031.csv,132,366,138,0.33,4.688504359
CuZn37-PRO-0.0039-0.0039.csv,132,366,138,0.33,4.454005938
CuZn37-PRO-0.0044-0.0039.csv,132,366,138,0.33,4.287644997
CuZn37-PRO-0.0053-0.0046.csv,132,366,138,0.33,3.99206726
CuZn37-PRO-0.0053-0.0047.csv,132,366,138,0.33,4.010596736
CuZn37-PRO-0.0060-0.0054.csv,132,366,138,0.33,3.81723473
CuZn37-PRO-0.0063-0.0054.csv,132,366,138,0.33,3.834039018
CuZn37-PRO-0.0068-0.0062.csv,132,366,138,0.33,3.426673888
CuZn37-PRO-0.0071-0.0062.csv,132,366,138,0.33,3.581266805
CuZn37-NPR-0.003-0.0001.csv,132,366,138,0.33,4.590618948
CuZn37-NPR-0.0039-0.0066.csv,132,366,138,0.33,3.819346484
CuZn37-NPR-0.0039-0.0068.csv,132,366,138,0.33,3.960470778
CuZn37-NPR-0.0046-0.0082.csv,132,366,138,0.33,3.363235804
CuZn37-NPR-0.0049-0.0082.csv,132,366,138,0.33,3.358886204
CuZn37-NPR-0.0057-0.0098.csv,132,366,138,0.33,2.988558957
CuZn37-NPR-0.0058-0.0096.csv,132,366,138,0.33,2.963787827
CuZn37-NPR-0.0065-0.0113.csv,132,366,138,0.33,2.838849091
CuZn37-NPR-0.0067-0.0111.csv,132,366,138,0.33,2.712649702
CuZn37-NPR-0.0074-0.0131.csv,132,366,138,0.33,2.583198774
CuZn37-NPR1-0.0023-0.0040.csv,132,366,138,0.33,4.649266691
CuZn37-NPR1-0.0024-0.0039.csv,132,366,138,0.33,4.438083289
CuZn37-NPR1-0.0031-0.0052.csv,132,366,138,0.33,3.956984368
CuZn37-NPR1-0.0032-0.0051.csv,132,366,138,0.33,3.898670343
CuZn37-NPR1-0.0039-0.0060.csv,132,366,138,0.33,3.38147609
CuZn37-NPR1-0.0044-0.0076.csv,132,366,138,0.33,3.15624619
CuZn37-NPR1-0.0047-0.0076.csv,132,366,138,0.33,3.3818368
CuZn37-NPR1-0.0049-0.0079.csv,132,366,138,0.33,3.081347308
CuZn37-NPR2-0.0023-0.0040.csv,132,366,138,0.33,4.483843947
CuZn37-NPR2-0.0028-0.0047.csv,132,366,138,0.33,4.281578735
CuZn37-NPR2-0.0030-0.0047.csv,132,366,138,0.33,4.304361254
CuZn37-NPR2-0.0030-0.00542.csv,132,366,138,0.33,3.580354661
CuZn37-NPR2-0.0031-0.0054.csv,132,366,138,0.33,3.715501945
CuZn37-NPR2-0.0034-0.0061.csv,132,366,138,0.33,3.68770728
CuZn37-NPR2-0.0035-0.0061.csv,132,366,138,0.33,3.769746467
CuZn37-NPR2-0.0038-0.0067.csv,132,366,138,0.33,3.459844642
CuZn37-NPR2-0.0038-0.0068.csv,132,366,138,0.33,3.450710878
CuZn37-NPR2-0.0046-0.0083.csv,132,366,138,0.33,3.35831564
CuZn37-NPR3-0.0030-0.0050.csv,132,366,138,0.33,4.331629718
CuZn37-NPR3-0.0039-0.0069.csv,132,366,138,0.33,4.063464716
CuZn37-NPR3-0.0049-0.0083.csv,132,366,138,0.33,3.623662707
CuZn37-NPR3-0.0050-0.0087.csv,132,366,138,0.33,3.58591171
CuZn37-NPR3-0.0057-0.0099.csv,132,366,138,0.33,3.29578694
CuZn37-NPR3-0.0059-0.0104.csv,132,366,138,0.33,3.159567193
CuZn37-NPR3-0.0064-0.0121.csv,132,366,138,0.33,3.119255889
CuZn37-NPR3-0.0071-0.0121.csv,132,366,138,0.33,3.020361283
CuZn37-NPR3-0.0081-0.0138.csv,132,366,138,0.33,2.961895474
CuZn37-NPR4-0.0021-0.0036.csv,132,366,138,0.33,5.281069746
CuZn37-NPR4-0.0027-0.0049.csv,132,366,138,0.33,4.766531816
CuZn37-NPR4-0.0028-0.0048.csv,132,366,138,0.33,4.804664087
CuZn37-NPR4-0.0031-0.0055.csv,132,366,138,0.33,4.253095586
CuZn37-NPR4-0.0034-0.0061.csv,132,366,138,0.33,4.083610105
CuZn37-NPR4-0.0035-0.0061.csv,132,366,138,0.33,4.10561236
CuZn37-NPR4-0.0037-0.0067.csv,132,366,138,0.33,3.920384242
CuZn37-NPR4-0.0041-0.0073.csv,132,366,138,0.33,3.853515697
CuZn37-NPR4-0.0042-0.0073.csv,132,366,138,0.33,3.800304578
CuZn37-NPR4-0.0049-0.0086.csv,132,366,138,0.33,3.413802517
E235-0.002-0.csv,196.4,375.4,247.8,0.3,4.902209649
E235-0.003-0.csv,196.4,375.4,247.8,0.3,4.285782274
E235-0.004-0.csv,196.4,375.4,247.8,0.3,3.883320678
E235-0.005-0.csv,196.4,375.4,247.8,0.3,3.605520523
E235-0.006-0.csv,196.4,375.4,247.8,0.3,3.384532615
E235-0.007-0.csv,196.4,375.4,247.8,0.3,3.235528447
E235-0.008-0.csv,196.4,375.4,247.8,0.3,3.102433706
E235-0-0.0035.csv,196.4,375.4,247.8,0.3,4.866624008
E235-0-0.0052.csv,196.4,375.4,247.8,0.3,4.406676408
E235-0-0.0069.csv,196.4,375.4,247.8,0.3,3.90891374
E235-0-0.0087.csv,196.4,375.4,247.8,0.3,3.754195388
E235-0-0.0104.csv,196.4,375.4,247.8,0.3,3.599664779
E235-0-0.0121.csv,196.4,375.4,247.8,0.3,3.467756051
E235-0-0.0139.csv,196.4,375.4,247.8,0.3,3.287577809
E235-0.0021-0.0037.csv,196.4,375.4,247.8,0.3,4.254499739
E235-0.0028-0.0049.csv,196.4,375.4,247.8,0.3,3.886377907
E235-0.0035-0.0061.csv,196.4,375.4,247.8,0.3,3.78604121
E235-0.0042-0.0073.csv,196.4,375.4,247.8,0.3,3.571475904
E235-0.0049-0.0086.csv,196.4,375.4,247.8,0.3,3.289142836
E235-0.0057-0.0098.csv,196.4,375.4,247.8,0.3,3.07114529
E235-90-0.002-0.0035.csv,196.4,375.4,247.8,0.3,3.871280973
E235-90-0.0025-0.0043.csv,196.4,375.4,247.8,0.3,3.639486489
E235-90-0.003-0.0052.csv,196.4,375.4,247.8,0.3,3.459543258
E235-90-0.0035-0.0061.csv,196.4,375.4,247.8,0.3,3.259354927
E235-90-0.0040-0.0069.csv,196.4,375.4,247.8,0.3,3.098989639
E235-90-0.0045-0.0078.csv,196.4,375.4,247.8,0.3,2.977723605
E235-90-0.005-0.0087.csv,196.4,375.4,247.8,0.3,2.937016107
E235-2-1-0-0.0016-0.0028.csv,196.4,375.4,247.8,0.3,4.114444172
E235-2-1-0-0.002-0.0035.csv,196.4,375.4,247.8,0.3,3.764026608
E235-2-1-0-0.0024-0.0042.csv,196.4,375.4,247.8,0.3,3.368100852
E235-2-1-0-0.0028-0.0048.csv,196.4,375.4,247.8,0.3,3.133538908
E235-2-1-0-0.0032-0.0055.csv,196.4,375.4,247.8,0.3,3.053462605
E235-2-1-0-0.0036-0.0062.csv,196.4,375.4,247.8,0.3,2.848804701
E235-2-1-0-0.0040-0.0069.csv,196.4,375.4,247.8,0.3,2.752816431
E235-1-4-0.0019-0.0016.csv,196.4,375.4,247.8,0.3,4.438035772
E235-1-4-0.0024-0.0020.csv,196.4,375.4,247.8,0.3,3.993259831
E235-1-4-0.0028-0.0024.csv,196.4,375.4,247.8,0.3,3.69434191
E235-1-4-0.0033-0.0029.csv,196.4,375.4,247.8,0.3,3.429913698
E235-1-4-0.0038-0.0033.csv,196.4,375.4,247.8,0.3,3.243038049
E235-1-4-0.0042-0.0037.csv,196.4,375.4,247.8,0.3,3.122215878
E235-1-4-0.0047-0.0041.csv,196.4,375.4,247.8,0.3,2.995635195
E235-4-1-0.0009-0.0033.csv,196.4,375.4,247.8,0.3,4.19926138
E235-4-1-0.0012-0.0041.csv,196.4,375.4,247.8,0.3,3.693639026
E235-4-1-0.0014-0.0049.csv,196.4,375.4,247.8,0.3,3.439963936
E235-4-1-0.0016-0.0057.csv,196.4,375.4,247.8,0.3,3.242292905
E235-4-1-0.0019-0.0065.csv,196.4,375.4,247.8,0.3,3.147057671
E235-4-1-0.0021-0.0073.csv,196.4,375.4,247.8,0.3,3.012415375
E235-4-1-0.0024-0.0081.csv,196.4,375.4,247.8,0.3,2.877946952
E235-6-4-0.0018-0.0016.csv,196.4,375.4,247.8,0.3,4.243856233
E235-6-4-0.0023-0.0020.csv,196.4,375.4,247.8,0.3,3.835817354
E235-6-4-0.0027-0.0024.csv,196.4,375.4,247.8,0.3,3.658106836
E235-6-4-0.0032-0.0028.csv,196.4,375.4,247.8,0.3,3.419790586
E235-6-4-0.0037-0.0032.csv,196.4,375.4,247.8,0.3,3.197831693
E235-6-4-0.0041-0.0036.csv,196.4,375.4,247.8,0.3,3.021602716
E235-6-4-0.0046-0.0040.csv,196.4,375.4,247.8,0.3,2.972665592
E355-0.002-0.csv,208.6,473,318.4,0.29,4.886992412
E355-0.003-0.csv,208.6,473,318.4,0.29,4.17814207
E355-0.004-0.csv,208.6,473,318.4,0.29,4.048519488
E355-0.005-0.csv,208.6,473,318.4,0.29,3.803183889
E355-0.006-0.csv,208.6,473,318.4,0.29,3.566790912
E355-0.007-0.csv,208.6,473,318.4,0.29,3.375480715
E355-0.008-0.csv,208.6,473,318.4,0.29,3.230193379
E355-0-0.0035.csv,208.6,473,318.4,0.29,5.200842293
E355-0-0.0052.csv,208.6,473,318.4,0.29,4.350519368
E355-0-0.0069.csv,208.6,473,318.4,0.29,3.786822379
E355-0-0.0087.csv,208.6,473,318.4,0.29,3.75327657
E355-0-0.0104.csv,208.6,473,318.4,0.29,3.688241796
E355-0-0.0121.csv,208.6,473,318.4,0.29,3.33825723
E355-0-0.0139.csv,208.6,473,318.4,0.29,3.244029589
E355-0.0021-0.0037.csv,208.6,473,318.4,0.29,4.287039928
E355-0.0028-0.0049.csv,208.6,473,318.4,0.29,4.069112851
E355-0.0035-0.0061.csv,208.6,473,318.4,0.29,3.776991585
E355-0.0042-0.0073.csv,208.6,473,318.4,0.29,3.665674781
E355-0.0049-0.0086.csv,208.6,473,318.4,0.29,3.399327532
E355-0.0057-0.0098.csv,208.6,473,318.4,0.29,3.29710365
E355-90-0.0019-0.0033.csv,208.6,473,318.4,0.29,3.972804322
E355-90-0.0024-0.0042.csv,208.6,473,318.4,0.29,3.585573519
E355-90-0.0029-0.0050.csv,208.6,473,318.4,0.29,3.498448403
E355-90-0.0034-0.0059.csv,208.6,473,318.4,0.29,3.431685345
E355-90-0.0039-0.0068.csv,208.6,473,318.4,0.29,3.184691431
E355-90-0.0049-0.0085.csv,208.6,473,318.4,0.29,3.149219113
E355-90-0.0054-0.0094.csv,208.6,473,318.4,0.29,2.905256049
E355-2-1-0.0016-0.0028.csv,208.6,473,318.4,0.29,4.107718611
E355-2-1-0.002-0.0035.csv,208.6,473,318.4,0.29,3.851319513
E355-2-1-0.0024-0.0042.csv,208.6,473,318.4,0.29,3.514414921
E355-2-1-0.0028-0.0048.csv,208.6,473,318.4,0.29,3.238046103
E355-2-1-0.0032-0.0055.csv,208.6,473,318.4,0.29,3.194514342
E355-2-1-0.0040-0.0069.csv,208.6,473,318.4,0.29,3.065206128
E355-2-1-0.0044-0.0076.csv,208.6,473,318.4,0.29,2.897077003
E355-2-8-0.0026-0.0044.csv,208.6,473,318.4,0.29,3.235528447
E355-2-8-0.0029-0.0051.csv,208.6,473,318.4,0.29,3.278982117
E355-2-8-0.0037-0.0063.csv,208.6,473,318.4,0.29,2.985875357
E355-2-8-0.0040-0.0070.csv,208.6,473,318.4,0.29,2.927370363
E355-8-2-0.0009-0.0033.csv,208.6,473,318.4,0.29,4.203957092
E355-8-2-0.0014-0.0049.csv,208.6,473,318.4,0.29,3.794766798
E355-8-2-0.0016-0.0057.csv,208.6,473,318.4,0.29,3.59439255
E355-8-2-0.0019-0.0065.csv,208.6,473,318.4,0.29,3.479287316
E355-8-2-0.0021-0.0073.csv,208.6,473,318.4,0.29,3.40790054
E355-8-2-0.0024-0.0081.csv,208.6,473,318.4,0.29,3.183269844
E355-8-2-0.0026-0.0090.csv,208.6,473,318.4,0.29,3.141449773
E355-2-12-0.0018-0.0018.csv,208.6,473,318.4,0.29,3.852357984
E355-2-12-0.0022-0.0023.csv,208.6,473,318.4,0.29,3.989494313
E355-2-12-0.0026-0.0027.csv,208.6,473,318.4,0.29,3.509336958
E355-2-12-0.0031-0.0032.csv,208.6,473,318.4,0.29,3.278753601
E355-2-12-0.0035-0.0036.csv,208.6,473,318.4,0.29,3.41564098
E355-2-12-0.0044-0.0046.csv,208.6,473,318.4,0.29,3.02489596
E355-2-12-0.0048-0.0050.csv,208.6,473,318.4,0.29,3.080265627
E355-20-14-0.0014-0.0025.csv,208.6,473,318.4,0.29,4.484641445
E355-20-14-0.0018-0.0031.csv,208.6,473,318.4,0.29,4.179666669
E355-20-14-0.0021-0.0037.csv,208.6,473,318.4,0.29,3.930235653
E355-20-14-0.0025-0.0043.csv,208.6,473,318.4,0.29,3.682415862
E355-20-14-0.0028-0.0049.csv,208.6,473,318.4,0.29,3.531351165
E355-20-14-0.0036-0.0061.csv,208.6,473,318.4,0.29,3.325515663
E355-20-14-0.0039-0.0068.csv,208.6,473,318.4,0.29,3.315130317
GH4169-0-0.00424-0.00735.csv,146,1150,1000,0.33,3.122543524
GH4169-0-0.00566-0.00980.csv,146,1150,1000,0.33,2.599883072
GH4169-45-0.00537-0.00929.csv,146,1150,1000,0.33,2.858537198
GH4169-45-0.00716-0.01239.csv,146,1150,1000,0.33,2.333447274
GH4169-90-0.006-0.01039.csv,146,1150,1000,0.33,2.750508395
GH4169-90-0.008-0.01386.csv,146,1150,1000,0.33,2.08278537
Haynes188-760-A-0.00368.csv,146.93456,490,268,0.5,5.286622611
Haynes188-760-A-0.00416.csv,146.93456,490,268,0.5,4.545381348
Haynes188-760-A-0.00462.csv,146.93456,490,268,0.5,4.282327499
Haynes188-760-A-0.006.csv,146.93456,490,268,0.5,3.562768543
Haynes188-760-A-0.00768.csv,146.93456,490,268,0.5,3.152288344
Haynes188-760-A-0.01106.csv,146.93456,490,268,0.5,2.795880017
Haynes188-760-A-0.02784.csv,146.93456,490,268,0.5,1.973127854
Haynes188-760-T-0.00727.csv,146.93456,490,268,0.5,5.198035436
Haynes188-760-T-0.00972.csv,146.93456,490,268,0.5,4.256308749
Haynes188-760-T-0.01314.csv,146.93456,490,268,0.5,3.35564305
Haynes188-760-T-0.01321.csv,146.93456,490,268,0.5,3.693111115
Haynes188-760-T-0.01966.csv,146.93456,490,268,0.5,3.341236623
Haynes188-760-T-0.02917.csv,146.93456,490,268,0.5,2.992995098
Haynes188-760-T-0.049.csv,146.93456,490,268,0.5,2.413299764
HRB335-0.002.csv,210,520,355,0.3,4.482044204
HRB335-0.003.csv,210,520,355,0.3,3.80631567
HRB335-0.004.csv,210,520,355,0.3,3.675869955
HRB335-0.005.csv,210,520,355,0.3,3.560743301
HRB335-0.006.csv,210,520,355,0.3,3.278524965
HRB335-0.0026.csv,210,520,355,0.3,4.676309432
HRB335-0.00346.csv,210,520,355,0.3,4.460296327
HRB335-0.00520.csv,210,520,355,0.3,3.775537635
HRB335-0.00693.csv,210,520,355,0.3,3.522052801
HRB335-0.00866.csv,210,520,355,0.3,3.356217134
HRB335-0.01039.csv,210,520,355,0.3,3.080987047
HRB335-90-0.002-00346.csv,210,520,355,0.3,3.410608543
HRB335-90-0.003-00520.csv,210,520,355,0.3,3.165541077
HRB335-90-0.004-00693.csv,210,520,355,0.3,2.643452676
HRB335-90-0.005-00866.csv,210,520,355,0.3,2.255272505
HRB335-L90-0.002-00346.csv,210,520,355,0.3,3.886829005
HRB335-L90-0.003-0052.csv,210,520,355,0.3,3.361916619
HRB335-L90-0.004-00693.csv,210,520,355,0.3,3.003460532
HRB335-L90-0.005-00866.csv,210,520,355,0.3,2.798650645
HRB335-LX-0.0014-0.00245.csv,210,520,355,0.3,4.075838826
HRB335-LX-0.0021-0.00367.csv,210,520,355,0.3,3.294686624
HRB335-LX-0.0028-0.0049.csv,210,520,355,0.3,2.668385917
HRB335-LX-0.0042-0.00735.csv,210,520,355,0.3,2.281033367
inconel718-A-0.00354-0.00598.csv,209,1445.3125,1160,0.3,4.110556043
inconel718-A-0.00346-0.00603.csv,209,1445.3125,1160,0.3,4.083538451
inconel718-B-0.00353-0.00614.csv,209,1445.3125,1160,0.3,3.977723605
inconel718-B-0.00360-0.00619.csv,209,1445.3125,1160,0.3,3.775464809
inconel718-C-0.00358-0.00618.csv,209,1445.3125,1160,0.3,4.149742415
inconel718-C-0.00357-0.00618.csv,209,1445.3125,1160,0.3,4.204119983
inconel718-D-0.00359-0.00617.csv,209,1445.3125,1160,0.3,3.885134966
inconel718-D-0.00356-0.00616.csv,209,1445.3125,1160,0.3,3.903089987
inconel718-E-0.00358-0.00616.csv,209,1445.3125,1160,0.3,3.870345371
inconel718-E-0.00356-0.00616.csv,209,1445.3125,1160,0.3,3.960898677
inconel718-F-0.00356-0.00619.csv,209,1445.3125,1160,0.3,3.711722892
inconel718-F-0.00355-0.00615.csv,209,1445.3125,1160,0.3,3.542576476
mild-0.0034-0.0062.csv,210,316,210,0.40374,3.529045171
mild-0.0013-0.0029.csv,210,316,210,0.40374,4.453578227
mild-0.001-0.0019.csv,210,316,210,0.40374,5.059086075
mild-90-0.0025-0.0059.csv,210,316,210,0.40374,3.48301642
mild-90-0.00235-0.0043.csv,210,316,210,0.40374,3.663700925
mild-90-0.0013-0.0023.csv,210,316,210,0.40374,4.188422215
mild-90-0.001-0.00185.csv,210,316,210,0.40374,4.703274178
mild-90-0.00105-0.00184.csv,210,316,210,0.40374,4.377634034
mild-90-0.00067-0.00105.csv,210,316,210,0.40374,5.052501563
mild-130-0.00096-0.0018.csv,210,316,210,0.40374,4.95375003
PA38-T6-TC-0.0020.csv,68.3,229.1,191.5,0.35,4.964264346
PA38-T6-TC-0.0030.csv,68.3,229.1,191.5,0.35,4.152288344
PA38-T6-TC-0.0040.csv,68.3,229.1,191.5,0.35,3.785472203
PA38-T6-TC-0.0047.csv,68.3,229.1,191.5,0.35,3.494850022
PA38-T6-TC-0.0050.csv,68.3,229.1,191.5,0.35,3.422753941
PA38-T6-TC-0.0060.csv,68.3,229.1,191.5,0.35,3.127752516
PA38-T6-TC-0.0070.csv,68.3,229.1,191.5,0.35,2.951337519
PA38-T6-TC-0.0080.csv,68.3,229.1,191.5,0.35,2.733197265
PA38-T6-TOR-0.0035.csv,68.3,229.1,191.5,0.35,4.731846526
PA38-T6-TOR-0.0052.csv,68.3,229.1,191.5,0.35,3.989672248
PA38-T6-TOR-0.0069.csv,68.3,229.1,191.5,0.35,3.523095838
PA38-T6-TOR-0.0087.csv,68.3,229.1,191.5,0.35,3.333447274
PA38-T6-TOR-0.0104.csv,68.3,229.1,191.5,0.35,3.112939976
PA38-T6-TOR-0.0121.csv,68.3,229.1,191.5,0.35,3.041392685
PA38-T6-TOR-0.0139.csv,68.3,229.1,191.5,0.35,2.914343157
PA38-T6-IP-0.0014-0.0024.csv,68.3,229.1,191.5,0.35,4.904531621
PA38-T6-IP-0.0021-0.0037.csv,68.3,229.1,191.5,0.35,4.242143723
PA38-T6-IP-0.0028-0.0049.csv,68.3,229.1,191.5,0.35,3.86581438
PA38-T6-IP-0.0035-0.0061.csv,68.3,229.1,191.5,0.35,3.590395947
PA38-T6-IP-0.0042-0.0073.csv,68.3,229.1,191.5,0.35,3.259354927
PA38-T6-IP-0.0049-0.0086.csv,68.3,229.1,191.5,0.35,3.095518042
PA38-T6-IP-0.0057-0.0098.csv,68.3,229.1,191.5,0.35,2.931966115
PA38-T6-OP-0.0020-0.0035.csv,68.3,229.1,191.5,0.35,4.413031391
PA38-T6-OP-0.0025-0.0043.csv,68.3,229.1,191.5,0.35,3.997080435
PA38-T6-OP-0.0030-0.0052.csv,68.3,229.1,191.5,0.35,3.62910365
PA38-T6-OP-0.0040-0.0069.csv,68.3,229.1,191.5,0.35,3.082426301
PA38-T6-OP-0.0045-0.0078.csv,68.3,229.1,191.5,0.35,2.691081492
PA38-T6-OP-0.0050-0.0087.csv,68.3,229.1,191.5,0.35,2.650307523
PA38-T6-OP-0.0060-0.0104.csv,68.3,229.1,191.5,0.35,2.371067862
PA38-T6-ASN1-0.0016-0.0028.csv,68.3,229.1,191.5,0.35,3.895974732
PA38-T6-ASN1-0.0020-0.0035.csv,68.3,229.1,191.5,0.35,3.534026106
PA38-T6-ASN1-0.0024-0.0042.csv,68.3,229.1,191.5,0.35,3.375846436
PA38-T6-ASN1-0.0032-0.0055.csv,68.3,229.1,191.5,0.35,2.923761961
PA38-T6-ASN1-0.0036-0.0062.csv,68.3,229.1,191.5,0.35,2.587710965
PA38-T6-ASN1-0.0040-0.0069.csv,68.3,229.1,191.5,0.35,2.505149978
PA38-T6-ASN1-0.0048-0.0083.csv,68.3,229.1,191.5,0.35,2.23299611
PA38-T6-ASN2a-0.0019-0.0933.csv,68.3,229.1,191.5,0.35,5.233453022
PA38-T6-ASN2a-0.0024-0.0020.csv,68.3,229.1,191.5,0.35,4.761897782
PA38-T6-ASN2a-0.0028-0.0024.csv,68.3,229.1,191.5,0.35,4.57407759
PA38-T6-ASN2a-0.0038-0.0033.csv,68.3,229.1,191.5,0.35,3.922206277
PA38-T6-ASN2a-0.0042-0.0037.csv,68.3,229.1,191.5,0.35,3.743196081
PA38-T6-ASN2a-0.0047-0.0041.csv,68.3,229.1,191.5,0.35,3.598571663
PA38-T6-ASN2a-0.0056-0.0049.csv,68.3,229.1,191.5,0.35,3.410270964
PA38-T6-ASN3a-0.0009-0.0031.csv,68.3,229.1,191.5,0.35,4.39927558
PA38-T6-ASN3a-0.0011-0.0039.csv,68.3,229.1,191.5,0.35,4.11257149
PA38-T6-ASN3a-0.0013-0.0046.csv,68.3,229.1,191.5,0.35,3.851564082
PA38-T6-ASN3a-0.0018-0.0062.csv,68.3,229.1,191.5,0.35,3.342620043
PA38-T6-ASN3a-0.0020-0.0070.csv,68.3,229.1,191.5,0.35,3.29578694
PA38-T6-ASN3a-0.0022-0.0077.csv,68.3,229.1,191.5,0.35,3.171726454
PA38-T6-ASN3a-0.0027-0.0093.csv,68.3,229.1,191.5,0.35,2.904174368
PA38-T6-ASN4c-0.0014-0.0025.csv,68.3,229.1,191.5,0.35,5.226836963
PA38-T6-ASN4c-0.0018-0.0031.csv,68.3,229.1,191.5,0.35,4.852528788
PA38-T6-ASN4c-0.0021-0.0037.csv,68.3,229.1,191.5,0.35,4.495488833
PA38-T6-ASN4c-0.0029-0.0049.csv,68.3,229.1,191.5,0.35,3.830973397
PA38-T6-ASN4c-0.0032-0.0056.csv,68.3,229.1,191.5,0.35,3.676876432
PA38-T6-ASN4c-0.0036-0.0062.csv,68.3,229.1,191.5,0.35,3.443419462
PA38-T6-ASN4c-0.0043-0.0074.csv,68.3,229.1,191.5,0.35,3.274157849
PA38-T6-ASN5-0.0014-0.0025.csv,68.3,229.1,191.5,0.35,4.773976499
PA38-T6-ASN5-0.0018-0.0031.csv,68.3,229.1,191.5,0.35,4.303973203
PA38-T6-ASN5-0.0021-0.0037.csv,68.3,229.1,191.5,0.35,4.219820207
PA38-T6-ASN5-0.0028-0.0049.csv,68.3,229.1,191.5,0.35,3.652246341
PA38-T6-ASN5-0.0032-0.0055.csv,68.3,229.1,191.5,0.35,3.373831145
PA38-T6-ASN5-0.0036-0.0061.csv,68.3,229.1,191.5,0.35,3.022428371
PA38-T6-ASN5-0.0043-0.0074.csv,68.3,229.1,191.5,0.35,2.848804701
pureTi-0.0078-0.0134.csv,112,558,475,0.4,2.797498364
pureTi-0.0059-0.0103.csv,112,558,475,0.4,3.314288661
pureTi-0.0055-0.0075.csv,112,558,475,0.4,3.489114369
pureTi-0.0082-0.0107.csv,112,558,475,0.4,2.95616843
pureTi-0.0078-0.0100.csv,112,558,475,0.4,3
pureTi-0.0072-0.0094.csv,112,558,475,0.4,3.229596528
pureTi-45-0.0087-0.0150.csv,112,558,475,0.4,2.613841822
pureTi-45-0.0071-0.0123.csv,112,558,475,0.4,2.86923172
pureTi-45-0.0053-0.0095.csv,112,558,475,0.4,3.260309946
pureTi-90-0.0110-0.0191.csv,112,558,475,0.4,2.592176757
pureTi-90-0.0090-0.0156.csv,112,558,475,0.4,2.773786445
pureTi-90-0.0070-0.0121.csv,112,558,475,0.4,3.159266331
q235b-0.002.csv,206,412,235,0.304,4.427583474
q235b-0.003.csv,206,412,235,0.304,4.071255878
q235b-0.004.csv,206,412,235,0.304,3.812110841
q235b-0.005.csv,206,412,235,0.304,3.573103783
q235b-0.006.csv,206,412,235,0.304,3.409764104
q235b-0.008.csv,206,412,235,0.304,3.037426498
q235b-0.0026.csv,206,412,235,0.304,4.611871941
q235b-0.00346.csv,206,412,235,0.304,4.302092716
q235b-0.00520.csv,206,412,235,0.304,3.984212167
q235b-0.00693.csv,206,412,235,0.304,3.881099218
q235b-0.00866.csv,206,412,235,0.304,3.393048466
q235b-0.01039.csv,206,412,235,0.304,3.237292338
q235b-0.00141-00245.csv,206,412,235,0.304,4.535989953
q235b-0.00212-00367.csv,206,412,235,0.304,4.10625891
q235b-0.00283-00490.csv,206,412,235,0.304,3.849542252
q235b-0.00354-00612.csv,206,412,235,0.304,3.629205657
q235b-0.00424-00735.csv,206,412,235,0.304,3.486996888
q235b-0.00153-00265.csv,206,412,235,0.304,4.312706146
q235b-0.00230-00398.csv,206,412,235,0.304,3.876621916
q235b-0.00306-00530.csv,206,412,235,0.304,3.496514519
q235b-0.00383-00663.csv,206,412,235,0.304,3.044931546
q235b-0.00459-00795.csv,206,412,235,0.304,2.763427994
q235b-90-0.0015-00260.csv,206,412,235,0.304,4.260953398
q235b-90-0.002-00346.csv,206,412,235,0.304,3.762228284
q235b-90-0.003-00520.csv,206,412,235,0.304,3.392696953
q235b-90-0.004-00693.csv,206,412,235,0.304,2.678518379
q235b-90-0.005-00866.csv,206,412,235,0.304,2.5289167
q235b-L90-0.0015-00260.csv,206,412,235,0.304,4.537806507
q235b-L90-0.002-00346.csv,206,412,235,0.304,3.844477176
q235b-L90-0.003-0052.csv,206,412,235,0.304,3.608312043
q235b-L90-0.004-00693.csv,206,412,235,0.304,3.195622944
q235b-L90-0.005-00866.csv,206,412,235,0.304,2.792391689
q235b-L90-0.006-01039.csv,206,412,235,0.304,2.423245874
q235b-L45-0.00181-00314.csv,206,412,235,0.304,4.343408594
q235b-L45-0.00272-00471.csv,206,412,235,0.304,3.682956926
q235b-L45-0.00363-00628.csv,206,412,235,0.304,3.320769228
q235b-L45-0.00453-00785.csv,206,412,235,0.304,2.859138297
q235b-L45-0.00544-00942.csv,206,412,235,0.304,2.63748973
S45C-AAT01.csv,186,770,496,0.28,2.796574333
S45C-AAT02.csv,186,770,496,0.28,3.140508043
S45C-AAT03.csv,186,770,496,0.28,3.228143608
S45C-AC-0.003.csv,186,770,496,0.28,4.343822011
S45C-AC-0.004.csv,186,770,496,0.28,3.858747677
S45C-AC-0.005.csv,186,770,496,0.28,3.529301998
S45C-AC-0.01.csv,186,770,496,0.28,2.930439595
S45C-AC-0.015.csv,186,770,496,0.28,2.617000341
S45C-AC-0.025.csv,186,770,496,0.28,2.041392685
S45C-AP01.csv,186,770,496,0.28,2.556302501
S45C-AP02.csv,186,770,496,0.28,2.669316881
S45C-AVAR04.csv,186,770,496,0.28,3.366516344
S45C-AVAR02.csv,186,770,496,0.28,1.69019608
S45C-AVAR06.csv,186,770,496,0.28,4.123361559
S45C-B-0.0077-0.0066.csv,186,770,496,0.28,2.638489257
S45C-COP-22.5-0.018-0.0082.csv,186,770,496,0.28,2.33243846
S45C-COP-45-0.006-0.0055.csv,186,770,496,0.28,3.212453961
S45C-COP-45-0.018-0.0082.csv,186,770,496,0.28,2.281033367
S45C-COP-90-0.006-0.0055.csv,186,770,496,0.28,3.20871002
S45C-COP-90-0.009-0.0041.csv,186,770,496,0.28,2.831229694
S45C-CPRO-0.0036-0.0065.csv,186,770,496,0.28,3.667172672
S45C-CPRO-0.006-0.0052.csv,186,770,496,0.28,3.35755372
S45C-CPRO-0.0072-0.0065.csv,186,770,496,0.28,3.135450699
S45C-CPRO-0.009-0.0041.csv,186,770,496,0.28,3.072249898
S45C-CPRO-0.009-0.0082.csv,186,770,496,0.28,2.754348336
S45C-PVAR01.csv,186,770,496,0.28,2.484299839
S45C-PVAR02.csv,186,770,496,0.28,3.342817315
S45C-R01.csv,186,770,496,0.28,2.971275849
S45C-R02.csv,186,770,496,0.28,2.888179494
S45C-TC-0.003.csv,186,770,496,0.28,5.947776708
S45C-TC-0.004.csv,186,770,496,0.28,5.249704535
S45C-TC-0.005.csv,186,770,496,0.28,4.896382899
S45C-TC-0.006.csv,186,770,496,0.28,4.284656283
S45C-TC-0.008.csv,186,770,496,0.28,4.174059808
S45C-TC-0.009.csv,186,770,496,0.28,3.751587005
S45C-TC-0.015.csv,186,770,496,0.28,3.193402903
S45C-TVAR02.csv,186,770,496,0.28,3.813647695
S45C-TVAR03.csv,186,770,496,0.28,2.908485019
S45C-TVAR04.csv,186,770,496,0.28,2.86569606
S45C-TVAR05.csv,186,770,496,0.28,3.092545208
S45C-TVAR07.csv,186,770,496,0.28,3.139879086
S347-A-0.0025.csv,200,588,251,0.3,4.961421094
S347-A-0.0035.csv,200,588,251,0.3,4.403692338
S347-A-0.004.csv,200,588,251,0.3,4.342422681
S347-A-0.005.csv,200,588,251,0.3,3.829303773
S347-A-0.006.csv,200,588,251,0.3,3.738516309
S347-A-0.008.csv,200,588,251,0.3,3.380934463
S347-A-0.01.csv,200,588,251,0.3,3.149988456
S347-B-0.01.csv,200,588,251,0.3,3.578065884
S347-C-0.0017-0.003.csv,200,588,251,0.3,4.973127854
S347-C-0.00173-0.003.csv,200,588,251,0.3,4.807873132
S347-C-0.0023-0.004.csv,200,588,251,0.3,3.806179974
S347-C-0.00346-0.006.csv,200,588,251,0.3,3.474944335
S347-C-0.00577-0.01.csv,200,588,251,0.3,2.992774364
S347-D-0.00231-0.004.csv,200,588,251,0.3,4.08278537
S347-D-0.00346-0.006.csv,200,588,251,0.3,3.327358934
S347-D-0.00577-0.01.csv,200,588,251,0.3,2.730378469
S347-E-0.00231-0.004.csv,200,588,251,0.3,4.218797998
S347-E-0.00346-0.006.csv,200,588,251,0.3,3.436560171
S347-E-0.00577-0.01.csv,200,588,251,0.3,2.838849091
S460N-ten-0.005.csv,208.5,643,500,0.3,3.208172527
S460N-ten-0.0033.csv,208.5,643,500,0.3,3.88592634
S460N-ten-0.0022.csv,208.5,643,500,0.3,4.619093331
S460N-tor-0.0043.csv,208.5,643,500,0.3,4.582631439
S460N-tor-0.01.csv,208.5,643,500,0.3,3.260071388
S460N-tor-0.0045.csv,208.5,643,500,0.3,4.423245874
S460N-a-0.00173-0.003.csv,208.5,643,500,0.3,4.492760389
S460N-a-0.00104-0.0018.csv,208.5,643,500,0.3,5.716837723
S460N-a-0.00144-0.0025.csv,208.5,643,500,0.3,5.114944416
S460N-b-0.00173-0.003.csv,208.5,643,500,0.3,4.49464151
S460N-b-0.00231-0.004.csv,208.5,643,500,0.3,3.81756537
S460N-b-0.00144-0.0025.csv,208.5,643,500,0.3,4.6336031
S460N-b-0.00115-0.002.csv,208.5,643,500,0.3,4.957607287
S460N-b-0.00104-0.0018.csv,208.5,643,500,0.3,5.759365622
S460N-b-0.00404-0.007.csv,208.5,643,500,0.3,2.73239376
S460N-c-0.00115-0.002.csv,208.5,643,500,0.3,5.339252634
S460N-c-0.00173-0.003.csv,208.5,643,500,0.3,4.633468456
S460N-c-0.00144-0.0025.csv,208.5,643,500,0.3,4.740362689
S460N-d-0.00144-0.0025.csv,208.5,643,500,0.3,4.661812686
S460N-d-0.00115-0.002.csv,208.5,643,500,0.3,5.551388997
S460N-e-0.00173-0.003.csv,208.5,643,500,0.3,3.75185624
S460N-e-0.00144-0.0025.csv,208.5,643,500,0.3,4.258876629
S460N-f-0.00231-0.004.csv,208.5,643,500,0.3,3.892094603
S460N-f-0.00173-0.003.csv,208.5,643,500,0.3,4.428134794
S460N-g-0.0026-0.0045.csv,208.5,643,500,0.3,3.672097858
S460N-g-0.00173-0.003.csv,208.5,643,500,0.3,4.619093331
S460N-h-0.003-0.0052.csv,208.5,643,500,0.3,3.021189299
S460N-h-0.00173-0.003.csv,208.5,643,500,0.3,4.002166062
S460N-h-0.002-0.00346.csv,208.5,643,500,0.3,3.8162413
S460N-i-0.00173-0.003.csv,208.5,643,500,0.3,4.028367884
S460N-i-0.003-0.0052.csv,208.5,643,500,0.3,2.884795364
S460N-j-0.00144-0.0025.csv,208.5,643,500,0.3,4.96118371
S460N-j-0.00173-0.003.csv,208.5,643,500,0.3,4.329397879
S460N-k-0.00173-0.003.csv,208.5,643,500,0.3,4.230448921
S460N-k-0.00144-0.0025.csv,208.5,643,500,0.3,4.938019097
S460N-l-0.00144-0.0025.csv,208.5,643,500,0.3,4.82672252
S460N-m-0.004.csv,208.5,643,500,0.3,4.663135315
S460N-m-0.003.csv,208.5,643,500,0.3,5.039431117
S460N-m-0.0025.csv,208.5,643,500,0.3,5.418311237
SNCM630-CP.csv,196,1103,951,0.273,4.091455913
SNCM630-PV.csv,196,1103,951,0.273,3.68069803
SNCM630-AP.csv,196,1103,951,0.273,3.324282455
SNCM630-B.csv,196,1103,951,0.273,3.056142262
SNCM630-COP45.csv,196,1103,951,0.273,3.460597189
SNCM630-COP90.csv,196,1103,951,0.273,3.27485032
SNCM630-CPCOP.csv,196,1103,951,0.273,3.118595365
SNCM630-R01.csv,196,1103,951,0.273,2.792391689
SNCM630-R02.csv,196,1103,951,0.273,3.347134783
SNCM630-R03.csv,196,1103,951,0.273,3.40654018
SNCM630-SI03.csv,196,1103,951,0.273,3.652149605
SNCM630-SI06.csv,196,1103,951,0.273,3.017867719
SNCM630-SO03.csv,196,1103,951,0.273,3.435685138
SNCM630-SO06.csv,196,1103,951,0.273,2.747411808
SNCM630-AT01.csv,196,1103,951,0.273,2.998259338
SNCM630-AT05.csv,196,1103,951,0.273,3.668106238
SNCM630-TA05.csv,196,1103,951,0.273,3.287129621
TC4-0-0.00345-0.00648.csv,108.4,1054,942.5,0.25,4.67389599
TC4-0-0.00427-0.00710.csv,108.4,1054,942.5,0.25,4.314099063
TC4-0-0.00576-0.00938.csv,108.4,1054,942.5,0.25,3.617105231
TC4-0-0.00687-0.01111.csv,108.4,1054,942.5,0.25,3.254064453
TC4-0-0.00863-0.01371.csv,108.4,1054,942.5,0.25,2.938519725
TC4-0-0.01391-0.02038.csv,108.4,1054,942.5,0.25,2.545307116
TC4-45-0.00391-0.00643.csv,108.4,1054,942.5,0.25,4.321246213
TC4-45-0.00418-0.00702.csv,108.4,1054,942.5,0.25,3.976716704
TC4-45-0.00496-0.00831.csv,108.4,1054,942.5,0.25,3.690018781
TC4-45-0.00620-0.01043.csv,108.4,1054,942.5,0.25,3.193958978
TC4-45-0.00772-0.01255.csv,108.4,1054,942.5,0.25,2.834420704
TC4-45-0.01224-0.01756.csv,108.4,1054,942.5,0.25,2.267171728
TC4-90-0.00349-0.00639.csv,108.4,1054,942.5,0.25,4.654542312
TC4-90-0.00418-0.00704.csv,108.4,1054,942.5,0.25,4.571394349
TC4-90-0.00499-0.00821.csv,108.4,1054,942.5,0.25,4.047352761
TC4-90-0.00556-0.00934.csv,108.4,1054,942.5,0.25,3.367728546
TC4-90-0.00632-0.01079.csv,108.4,1054,942.5,0.25,3.007320953
TC4-90-0.01229-0.01700.csv,108.4,1054,942.5,0.25,2.367355921
TC4-e-0.0055.csv,108.4,1054,942.5,0.25,4.778498547
TC4-e-0.006.csv,108.4,1054,942.5,0.25,4.39913701
TC4-e-0.007.csv,108.4,1054,942.5,0.25,3.927216331
TC4-e-0.008.csv,108.4,1054,942.5,0.25,3.523681448
TC4-e-0.009.csv,108.4,1054,942.5,0.25,3.235275877
TC4-e-0.011.csv,108.4,1054,942.5,0.25,2.96118371
TC4-e-0.013.csv,108.4,1054,942.5,0.25,2.715585552
TC4-e-0.015.csv,108.4,1054,942.5,0.25,2.530199698
TC4-e-0.017.csv,108.4,1054,942.5,0.25,2.344392274
TC4-e-0.02.csv,108.4,1054,942.5,0.25,2.11058971
TC4-e-0.023.csv,108.4,1054,942.5,0.25,2.033423755
TC4-g-0.00798.csv,108.4,1054,942.5,0.25,4.840538918
TC4-g-0.00833.csv,108.4,1054,942.5,0.25,4.708811674
TC4-g-0.00848.csv,108.4,1054,942.5,0.25,4.573440225
TC4-g-0.00889.csv,108.4,1054,942.5,0.25,4.252537507
TC4-g-0.01038.csv,108.4,1054,942.5,0.25,3.858416878
TC4-g-0.01302.csv,108.4,1054,942.5,0.25,3.429913698
TC4-g-0.01645.csv,108.4,1054,942.5,0.25,2.978180517
TC4-g-0.01942.csv,108.4,1054,942.5,0.25,2.661812686
TC4-g-0.02309.csv,108.4,1054,942.5,0.25,2.537819095
X5CrNi-0.004-0.csv,200.8,654.4,265,0.29,4.276760423
X5CrNi-0.005-0.csv,200.8,654.4,265,0.29,3.700530657
X5CrNi-0.0055-0.csv,200.8,654.4,265,0.29,3.574956776
X5CrNi-0.006-0.csv,200.8,654.4,265,0.29,3.420120848
X5CrNi-0.0065-0.csv,200.8,654.4,265,0.29,3.355259906
X5CrNi-0.007-0.csv,200.8,654.4,265,0.29,3.243038049
X5CrNi-0.008-0.csv,200.8,654.4,265,0.29,3.049605613
X5CrNi-0-0.0069.csv,200.8,654.4,265,0.29,5.003417445
X5CrNi-0-0.0087.csv,200.8,654.4,265,0.29,4.509269745
X5CrNi-0-0.0095.csv,200.8,654.4,265,0.29,4.26810973
X5CrNi-0-0.0104.csv,200.8,654.4,265,0.29,4.073315021
X5CrNi-0-0.0113.csv,200.8,654.4,265,0.29,3.978636948
X5CrNi-0-0.0121.csv,200.8,654.4,265,0.29,3.838219222
X5CrNi-0-0.0139.csv,200.8,654.4,265,0.29,3.759516759
X5CrNi-0.0028-0.0049.csv,200.8,654.4,265,0.29,4.454981984
X5CrNi-0.0035-0.0061.csv,200.8,654.4,265,0.29,3.917558021
X5CrNi-0.0039-0.0067.csv,200.8,654.4,265,0.29,3.860218185
X5CrNi-0.0042-0.0073.csv,200.8,654.4,265,0.29,3.688419822
X5CrNi-0.0046-0.0080.csv,200.8,654.4,265,0.29,3.574841195
X5CrNi-0.0049-0.0086.csv,200.8,654.4,265,0.29,3.437750563
X5CrNi-0.0057-0.0098.csv,200.8,654.4,265,0.29,3.287129621
X5CrNi-90-0.0035-0.0061.csv,200.8,654.4,265,0.29,3.620136055
X5CrNi-90-0.0040-0.0069.csv,200.8,654.4,265,0.29,3.287129621
X5CrNi-90-0.0050-0.0087.csv,200.8,654.4,265,0.29,3.09482038
X5CrNi-90-0.0055-0.0095.csv,200.8,654.4,265,0.29,2.889861721
X5CrNi-90-0.0060-0.0104.csv,200.8,654.4,265,0.29,2.812244697
X5CrNi-90-0.0065-0.0113.csv,200.8,654.4,265,0.29,2.691081492
X5CrNi-90-0.0070-0.0121.csv,200.8,654.4,265,0.29,2.531478917
X5CrNi-2-1-0.0028-0.0048.csv,200.8,654.4,265,0.29,3.775901579
X5CrNi-2-1-0.0032-0.0055.csv,200.8,654.4,265,0.29,3.502973059
X5CrNi-2-1-0.0040-0.0069.csv,200.8,654.4,265,0.29,3.008174184
X5CrNi-2-1-0.0044-0.0076.csv,200.8,654.4,265,0.29,2.856124444
X5CrNi-2-1-0.0048-0.0083.csv,200.8,654.4,265,0.29,2.866877814
X5CrNi-2-1-0.0052-0.0090.csv,200.8,654.4,265,0.29,2.651278014
X5CrNi-2-1-0.0056-0.0097.csv,200.8,654.4,265,0.29,2.632457292
X5CrNi-1-4-0.0033-0.0029.csv,200.8,654.4,265,0.29,3.968015714
X5CrNi-1-4-0.0038-0.0033.csv,200.8,654.4,265,0.29,3.781898919
X5CrNi-1-4-0.0047-0.0041.csv,200.8,654.4,265,0.29,3.391816924
X5CrNi-1-4-0.0052-0.0045.csv,200.8,654.4,265,0.29,3.336259552
X5CrNi-1-4-0.0056-0.0049.csv,200.8,654.4,265,0.29,2.992553518
X5CrNi-1-4-0.0061-0.0053.csv,200.8,654.4,265,0.29,3.08170727
X5CrNi-1-4-0.0066-0.0057.csv,200.8,654.4,265,0.29,2.915399835
X5CrNi-10-2-0.0016-0.0054.csv,200.8,654.4,265,0.29,4.331670191
X5CrNi-10-2-0.0018-0.0062.csv,200.8,654.4,265,0.29,4.065915668
X5CrNi-10-2-0.0022-0.0077.csv,200.8,654.4,265,0.29,3.631748074
X5CrNi-10-2-0.0025-0.0085.csv,200.8,654.4,265,0.29,3.429913698
X5CrNi-10-2-0.0027-0.0093.csv,200.8,654.4,265,0.29,3.275080898
X5CrNi-10-2-0.0029-0.0101.csv,200.8,654.4,265,0.29,3.228400359
X5CrNi-10-2-0.0031-0.0108.csv,200.8,654.4,265,0.29,3.001300933
X5CrNi-2-12-0.0031-0.0032.csv,200.8,654.4,265,0.29,4.044108387
X5CrNi-2-12-0.0035-0.0036.csv,200.8,654.4,265,0.29,3.851197176
X5CrNi-2-12-0.0044-0.0046.csv,200.8,654.4,265,0.29,3.454082271
X5CrNi-2-12-0.0048-0.0050.csv,200.8,654.4,265,0.29,3.270911639
X5CrNi-2-12-0.0053-0.0055.csv,200.8,654.4,265,0.29,3.162265614
X5CrNi-2-12-0.0057-0.0059.csv,200.8,654.4,265,0.29,3.068556895
X5CrNi-2-12-0.0061-0.0064.csv,200.8,654.4,265,0.29,2.848189117
X5CrNi-20-14-0.0025-0.0043.csv,200.8,654.4,265,0.29,4.261500773
X5CrNi-20-14-0.0028-0.0049.csv,200.8,654.4,265,0.29,4.045401223
X5CrNi-20-14-0.0036-0.0061.csv,200.8,654.4,265,0.29,3.631646663
X5CrNi-20-14-0.0039-0.0068.csv,200.8,654.4,265,0.29,3.478710756
X5CrNi-20-14-0.0046-0.0080.csv,200.8,654.4,265,0.29,3.414304688
X5CrNi-20-14-0.0050-0.0086.csv,200.8,654.4,265,0.29,3.300160537
X5CrNi-20-14-0.0053-0.0091.csv,200.8,654.4,265,0.29,3.137670537
ZK60-0-0.0028-0.0060.csv,44.3,284,220.7,0.310650888,4.118314338
ZK60-0-0.0032-0.0040.csv,44.3,284,220.7,0.310650888,4.298525595
ZK60-0-0.0032-0.0046.csv,44.3,284,220.7,0.310650888,4.177016767
ZK60-0-0.0036-0.0050.csv,44.3,284,220.7,0.310650888,4.037904357
ZK60-0-0.0043-0.0040.csv,44.3,284,220.7,0.310650888,3.774735883
ZK60-0-0.0043-0.0046.csv,44.3,284,220.7,0.310650888,3.754118894
ZK60-0-0.005-0.0035.csv,44.3,284,220.7,0.310650888,3.651471852
ZK60-90-0.0028-0.0060.csv,44.3,284,220.7,0.310650888,4.265478204
ZK60-90-0.0032-0.0040.csv,44.3,284,220.7,0.310650888,4.676547296
ZK60-90-0.0032-0.0046.csv,44.3,284,220.7,0.310650888,4.454707693
ZK60-90-0.0036-0.0050.csv,44.3,284,220.7,0.310650888,4.335096674
ZK60-90-0.0043-0.0040.csv,44.3,284,220.7,0.310650888,3.978089173
ZK60-90-0.0043-0.0046.csv,44.3,284,220.7,0.310650888,3.764773717
ZK60-90-0.005-0.0035.csv,44.3,284,220.7,0.310650888,3.628491105
